
{
  "name": "Blossom Codespace",
  "image": "mcr.microsoft.com/vscode/devcontainers/javascript-node:20",
  "features": {
    "ghcr.io/devcontainers/features/git:1": {},
    "ghcr.io/devcontainers/features/node:1": { "version": "20" }
  },
  "postCreateCommand": "/bin/bash .devcontainer/postCreateCommand.sh",
  "customizations": {
    "vscode": {
      "extensions": [
        "dbaeumer.vscode-eslint",
        "esbenp.prettier-vscode",
        "bradlc.vscode-tailwindcss",
        "GraphQL.vscode-graphql"
      ]
    }
  }
}
